,wet_cell_count,diff_topo,diff_no_breach,mean_depth,mean_distance,depth / distance,distance / depth,area (m**2)
w0072,837926.0,129731.0,29515.0,-2.0,353.3175710624833,0.005660629880324591,176.65878553124165,4239.8108527498
w20,824038.0,115843.0,15627.0,-2.0,144.82676727906173,0.013809601895941437,72.41338363953086,1737.9212073487406
w104,823335.0,115140.0,14924.0,-2.0,133.99388568447498,0.01492605419854413,66.99694284223749,1607.9266282136996
w110,829796.0,121601.0,21385.0,-2.0,199.49066274313512,0.010025531884543424,99.74533137156756,2393.8879529176215
w0006,838826.0,130631.0,30415.0,-2.0,334.6507101156019,0.005976380565004984,167.32535505780095,4015.8085213872228
w207,826041.0,117846.0,17630.0,-2.0,171.15831963661438,0.011685087842917557,85.57915981830719,2053.8998356393727
w0049,836960.0,128765.0,28549.0,-2.0,313.9838724710891,0.006369753912071249,156.99193623554456,3767.806469653069
w119,823693.0,115498.0,15282.0,-2.0,133.99395439414516,0.014926046544734181,66.99697719707258,1607.927452729742
w0172,843440.0,135245.0,35029.0,-2.0,386.4829965190363,0.005174871903844519,193.24149825951815,4637.795958228436
w11,827713.0,119518.0,19302.0,-2.0,202.32414228822196,0.009885127782481287,101.16207114411098,2427.8897074586635
w0001,828088.0,119893.0,19677.0,-2.0,206.99001566307757,0.009662301795539,103.49500783153879,2483.880187956931
w0004_1.0,834932.0,126737.0,26521.0,-1.0,410.81497701860013,0.0024341858401981382,410.81497701860013,2464.889862111601
w0207,837099.0,128904.0,28688.0,-2.0,305.81863365098246,0.006539823869210381,152.90931682549123,3669.8236038117893
w27,831079.0,122884.0,22668.0,-2.0,215.49015260210365,0.00928116656770364,107.74507630105182,2585.881831225244
w162,820439.0,112244.0,12028.0,-2.0,119.66122039110172,0.016713852603735643,59.83061019555086,1435.9346446932207
w209,822163.0,113968.0,13752.0,-2.0,138.16009997989661,0.014475959414411366,69.08004998994831,1657.9211997587595
w214,829334.0,121139.0,20923.0,-2.0,206.49031757806884,0.00968568416891436,103.24515878903442,2477.883810936826
w155,828857.0,120662.0,20446.0,-2.0,195.15768641714143,0.01024812312913509,97.57884320857072,2341.892237005697
w215,827940.0,119745.0,19529.0,-2.0,187.65755912270865,0.010657710828969094,93.82877956135432,2251.8907094725037
w50,828090.0,119895.0,19679.0,-2.0,176.65846269316978,0.011321280449913746,88.32923134658489,2119.9015523180374
w201,825521.0,117326.0,17110.0,-2.0,169.1586138000704,0.011823222921203481,84.5793069000352,2029.903365600845
w12,828282.0,120087.0,19871.0,-2.0,169.32567948643475,0.011811557503067494,84.66283974321738,2031.908153837217
w0019,834980.0,126785.0,26569.0,-2.0,245.98799653719735,0.008130478023945236,122.99399826859867,2951.8559584463683
w0141,829636.0,121441.0,21225.0,-2.0,272.1534772675231,0.007348794584880603,136.07673863376155,3265.841727210277
w0183,841671.0,133476.0,33260.0,-2.0,349.9838229639056,0.005714549841368706,174.9919114819528,4199.805875566867
w7,822295.0,114100.0,13884.0,-2.0,128.16026717462688,0.015605460600943248,64.08013358731344,1537.9232060955226
w172,820624.0,112429.0,12213.0,-2.0,138.82642019374688,0.014406479668702754,69.41321009687344,1665.9170423249625
w40,834694.0,126499.0,26283.0,-2.0,176.99175991068532,0.011299961088636287,88.49587995534266,2123.9011189282237
w14,830912.0,122717.0,22501.0,-2.0,225.32279177338864,0.008876154889876553,112.66139588669432,2703.8735012806637
w65,824223.0,116028.0,15812.0,-2.0,159.32615294180223,0.012552866952926107,79.66307647090112,1911.913835301627
w0004,843569.0,135374.0,35158.0,-2.0,405.3143338769318,0.004934441821658527,202.6571669384659,4863.7720065231815
w0034,836208.0,128013.0,27797.0,-2.0,283.98712479781847,0.007042572797706509,141.99356239890923,3407.8454975738214
w0047,839254.0,131059.0,30843.0,-2.0,346.48286273515515,0.0057722912591170825,173.24143136757758,4157.794352821862
w117,824468.0,116273.0,16057.0,-2.0,141.66002399163202,0.014118309058864353,70.83001199581601,1699.9202878995843
w97,823387.0,115192.0,14976.0,-2.0,151.49306829047595,0.013201924170980275,75.74653414523797,1817.9168194857114
w122,825892.0,117697.0,17481.0,-2.0,163.1593301641871,0.012257956673316821,81.57966508209356,1957.9119619702453
w0132,832593.0,124398.0,24182.0,-2.0,229.98946704479854,0.008696050413519283,114.99473352239927,2759.8736045375827
w0138,842847.0,134652.0,34436.0,-2.0,379.64896990366543,0.0052680243028382055,189.82448495183272,4555.787638843985
w0093,836488.0,128293.0,28077.0,-2.0,329.31770768077877,0.00607316264310537,164.65885384038938,3951.812492169345
w0077,841010.0,132815.0,32599.0,-2.0,367.4831379627447,0.005442426586122053,183.74156898137235,4409.797655552937
w106,825797.0,117602.0,17386.0,-2.0,164.65903772521935,0.01214631172166554,82.32951886260967,1975.908452702632
w0170,836951.0,128756.0,28540.0,-2.0,287.3193116030514,0.0069608965329943364,143.6596558015257,3447.831739236617
w35,827288.0,119093.0,18877.0,-2.0,183.49158611202856,0.010899682336273035,91.74579305601428,2201.8990333443426
w0161,837146.0,128951.0,28735.0,-2.0,323.65152688422864,0.006179485755107862,161.82576344211432,3883.818322610744
w0123,837999.0,129804.0,29588.0,-2.0,297.1529799616924,0.006730539940261851,148.5764899808462,3565.8357595403086
w13,826186.0,117991.0,17775.0,-2.0,168.49207657778413,0.011869994367816475,84.24603828889207,2021.9049189334096
w0011_1.0,834457.0,126262.0,26046.0,-1.0,306.6525466676985,0.003261019713896724,306.6525466676985,1839.915280006191
w0042,844684.0,136489.0,36273.0,-2.0,425.4804352439794,0.004700568661525313,212.7402176219897,5105.765222927753
w127,829702.0,121507.0,21291.0,-2.0,201.82380459041303,0.009909633821733056,100.91190229520652,2421.8856550849564
w34,823708.0,115513.0,15297.0,-2.0,134.32674775493805,0.01488906739295694,67.16337387746903,1611.9209730592565
w121,827437.0,119242.0,19026.0,-2.0,184.82483417801146,0.01082105664476738,92.41241708900573,2217.8980101361376
w0013,847536.0,139341.0,39125.0,-2.0,437.1468885234058,0.004575121206410956,218.5734442617029,5245.762662280869
w0167,843234.0,135039.0,34823.0,-2.0,400.9819741258825,0.004987755383168742,200.49098706294126,4811.78368951059
w0031_1.5,833436.0,125241.0,25025.0,-1.5,300.15252983317373,0.004997459127976391,200.10168655544916,2701.3727684985633
w0126,837081.0,128886.0,28670.0,-2.0,295.9857378973557,0.006757082331762809,147.99286894867785,3551.8288547682687
w0036,850106.0,141911.0,41695.0,-2.0,494.31030036416763,0.00404604152194798,247.15515018208382,5931.723604370011
w94,821826.0,113631.0,13415.0,-2.0,123.16083703554209,0.016238928283857267,61.580418517771044,1477.930044426505
w0198,847964.0,139769.0,39553.0,-2.0,442.64573909465565,0.004518285896280409,221.32286954732783,5311.748869135868
w142,823211.0,115016.0,14800.0,-2.0,151.32625653151055,0.013216477073055339,75.66312826575528,1815.9150783781265
w150,829052.0,120857.0,20641.0,-2.0,209.15664298503123,0.009562211228180472,104.57832149251561,2509.8797158203747
w96,827594.0,119399.0,19183.0,-2.0,181.49143570842406,0.011019803728993085,90.74571785421203,2177.8972285010886
w80,819292.0,111097.0,10881.0,-2.0,107.32819974815233,0.018634431628342208,53.664099874076165,1287.938396977828
w0029,836517.0,128322.0,28106.0,-2.0,284.65273897593164,0.00702610488553601,142.32636948796582,3415.8328677111795
w144,827521.0,119326.0,19110.0,-2.0,192.3245696022815,0.010399087356004016,96.16228480114076,2307.8948352273783
w0176,847390.0,139195.0,38979.0,-2.0,460.812135549309,0.004340163475981181,230.4060677746545,5529.745626591708
w0059,838864.0,130669.0,30453.0,-2.0,332.31883920519624,0.006018316640679718,166.15941960259812,3987.826070462355
w193,824085.0,115890.0,15674.0,-2.0,164.1587030266424,0.012183332123886278,82.0793515133212,1969.9044363197088
w115,821775.0,113580.0,13364.0,-2.0,132.82664700518515,0.01505721965504351,66.41332350259258,1593.919764062222
w0160,839463.0,131268.0,31052.0,-2.0,360.8167414544054,0.005542980051142472,180.4083707272027,4329.800897452865
w0037,836074.0,127879.0,27663.0,-2.0,315.81854099824113,0.006332750425856531,157.90927049912057,3789.8224919788936
w108,823318.0,115123.0,14907.0,-2.0,134.66046651898202,0.014852168952779292,67.33023325949101,1615.9255982277841
w198,822782.0,114587.0,14371.0,-2.0,138.99337120373798,0.014389175416634642,69.49668560186899,1667.9204544448557
w0068,839009.0,130814.0,30598.0,-2.0,319.9857760661651,0.006250277823556912,159.99288803308255,3839.8293127939814
w2,830618.0,122423.0,22207.0,-2.0,214.65669421311324,0.00931720302193036,107.32834710655662,2575.880330557359
w206,823581.0,115386.0,15170.0,-2.0,129.4942202380556,0.015444704762292106,64.7471101190278,1553.930642856667
w0200,844921.0,136726.0,36510.0,-2.0,358.98280994882424,0.00557129741194325,179.49140497441212,4307.793719385891
w99,825048.0,116853.0,16637.0,-2.0,159.8260660324594,0.012513603379274917,79.9130330162297,1917.912792389513
w0015_1.5,832575.0,124380.0,24164.0,-1.5,286.6531828690284,0.005232804272350775,191.1021219126856,2579.8786458212558
w0073,842712.0,134517.0,34301.0,-2.0,375.6480906349928,0.005324131946522647,187.8240453174964,4507.777087619914
w0129,843297.0,135102.0,34886.0,-2.0,392.81542020662545,0.005091449818716324,196.40771010331272,4713.785042479505
w0106,830050.0,121855.0,21639.0,-2.0,220.15613783190383,0.00908446169021671,110.07806891595192,2641.873653982846
w194,824535.0,116340.0,16124.0,-2.0,140.9939092165279,0.01418500991364492,70.49695460826395,1691.9269105983349
w0027_1.5,845333.0,137138.0,36922.0,-1.5,453.4792782039856,0.0033077586388087724,302.31951880265706,4081.3135038358705
w0169,844801.0,136606.0,36390.0,-2.0,411.3143441670998,0.004862461103927568,205.6571720835499,4935.772130005198
w0196,830464.0,122269.0,22053.0,-2.0,228.3232993335389,0.00875950902005127,114.16164966676945,2739.879592002467
w0001_1.5,843555.0,135360.0,35144.0,-1.5,427.14704050302754,0.0035116712929429,284.764693668685,3844.323364527248
w0010_1.5,820497.0,112302.0,12086.0,-1.5,146.99344569140928,0.010204536623687463,97.99563046093952,1322.9410112226833
w0164,840653.0,132458.0,32242.0,-2.0,326.15081533246513,0.0061321324552301975,163.07540766623256,3913.809783989582
w32,826145.0,117950.0,17734.0,-2.0,171.99177222493654,0.01162846323476645,85.99588611246827,2063.9012666992385
w0148,826372.0,118177.0,17961.0,-2.0,183.65846606313877,0.01088977841790551,91.82923303156939,2203.901592757665
w84,823860.0,115665.0,15449.0,-2.0,150.16015107084976,0.013319112865412236,75.08007553542488,1801.921812850197
w72,817902.0,109707.0,9491.0,-2.0,98.82864962433244,0.020237046722811673,49.41432481216622,1185.9437954919892
w0013_1.5,830886.0,122691.0,22475.0,-1.5,254.65601710816608,0.0058902986743991585,169.7706780721107,2291.9041539734944
w78,824790.0,116595.0,16379.0,-2.0,143.4934333407863,0.013937920038822596,71.74671667039316,1721.9212000894358
w0214,828892.0,120697.0,20481.0,-2.0,186.49149846142834,0.010724349455606182,93.24574923071417,2237.89798153714
w0054,830256.0,122061.0,21845.0,-2.0,213.65655647256452,0.009360817346397786,106.82827823628226,2563.8786776707743
w0064,839376.0,131181.0,30965.0,-2.0,368.14978082425404,0.005432571480885256,184.07489041212702,4417.797369891048
w0119,840237.0,132042.0,31826.0,-2.0,366.9830165922975,0.005449843479328949,183.49150829614874,4403.79619910757
w0125,830205.0,122010.0,21794.0,-2.0,224.15610128939,0.008922353612039139,112.078050644695,2689.87321547268
w0131,833066.0,124871.0,24655.0,-2.0,252.65487702579787,0.00791593664663669,126.32743851289894,3031.8585243095745
w62,833066.0,124871.0,24655.0,-2.0,182.99135368543213,0.010929478140470301,91.49567684271607,2195.8962442251855
w0104,826758.0,118563.0,18347.0,-2.0,174.82544815382593,0.011439982114275686,87.41272407691297,2097.905377845911
w0005,842740.0,134545.0,34329.0,-2.0,395.31531273656896,0.0050592525398396706,197.65765636828448,4743.783752838827
w0092,837795.0,129600.0,29384.0,-2.0,329.98392601199276,0.006060901281377303,164.99196300599638,3959.8071121439134
w199,825135.0,116940.0,16724.0,-2.0,155.99266184136857,0.012821115919118246,77.99633092068429,1871.911942096423
w0016_1.5,829318.0,121123.0,20907.0,-1.5,209.48991410952854,0.007160249248160694,139.6599427396857,1885.409226985757
w3,826875.0,118680.0,18464.0,-2.0,186.99060853797346,0.01069572432346968,93.49530426898673,2243.8873024556815
w0053,832802.0,124607.0,24391.0,-2.0,230.65645550627804,0.008670904075110803,115.32822775313902,2767.8774660753365
w111,827561.0,119366.0,19150.0,-2.0,159.82598604819387,0.0125136096416569,79.91299302409693,1917.9118325783265
w66,824575.0,116380.0,16164.0,-2.0,156.99218348687774,0.012739487760339169,78.49609174343887,1883.906201842533
w118,825349.0,117154.0,16938.0,-2.0,170.65854363968344,0.011719307790547308,85.32927181984172,2047.9025236762013
w187,824521.0,116326.0,16110.0,-2.0,148.99310404903906,0.013423440049559119,74.49655202451953,1787.9172485884687
w210,824896.0,116701.0,16485.0,-2.0,173.82461004658933,0.011505850635672072,86.91230502329466,2085.895320559072
w0189,836984.0,128789.0,28573.0,-2.0,324.9860116722318,0.006154111032991542,162.4930058361159,3899.832140066782
w63,827198.0,119003.0,18787.0,-2.0,185.15817925306547,0.010801575215678127,92.57908962653273,2221.8981510367857
w0168,850314.0,142119.0,41903.0,-2.0,469.31099189452425,0.004261566497572023,234.65549594726212,5631.731902734291
w171,820201.0,112006.0,11790.0,-2.0,113.66113629939265,0.01759616404618583,56.830568149696326,1363.9336355927119
w192,823710.0,115515.0,15299.0,-2.0,151.15925458819012,0.013231078741746173,75.57962729409506,1813.9110550582814
w21,825714.0,117519.0,17303.0,-2.0,173.65835033845042,0.011516866284299671,86.82917516922521,2083.900204061405
w6,826249.0,118054.0,17838.0,-2.0,164.82589047355302,0.012134016047199261,82.41294523677651,1977.910685682636
w95,823884.0,115689.0,15473.0,-2.0,153.49220503262737,0.013029977643326357,76.74610251631368,1841.9064603915285
w161,832299.0,124104.0,23888.0,-2.0,244.488743149685,0.008180335725213844,122.2443715748425,2933.86491779622
w0088,846982.0,138787.0,38571.0,-2.0,399.4812580001482,0.005006492695082226,199.7406290000741,4793.775096001778
w0028,837831.0,129636.0,29420.0,-2.0,326.81715358088746,0.006119629823851944,163.40857679044373,3921.80584297065
w164,829256.0,121061.0,20845.0,-2.0,206.15711088212018,0.009701338903335681,103.07855544106009,2473.8853305854423
w146,828093.0,119898.0,19682.0,-2.0,184.6577140138112,0.010830849990108797,92.3288570069056,2215.8925681657342
w185,824216.0,116021.0,15805.0,-2.0,144.15990537914362,0.013873483023868234,72.07995268957181,1729.9188645497234
w0181,840451.0,132256.0,32040.0,-2.0,310.9854515619322,0.006431169014354047,155.4927257809661,3731.8254187431867
w0080,833507.0,125312.0,25096.0,-2.0,261.4881442622395,0.007648530321107994,130.74407213111974,3137.8577311468734
w0091,837410.0,129215.0,28999.0,-2.0,293.8199459508791,0.0068068898233830605,146.90997297543956,3525.839351410549
w0044,836880.0,128685.0,28469.0,-2.0,310.4867736701876,0.0064414982202252715,155.2433868350938,3725.8412840422507
w0006_1.0,825062.0,116867.0,16651.0,-1.0,205.15791722593596,0.004874293975692499,205.15791722593596,1230.9475033556157
w152,821090.0,112895.0,12679.0,-2.0,120.99397567932776,0.016529748599224736,60.49698783966388,1451.927708151933
w0043,839257.0,131062.0,30846.0,-2.0,369.8157513051146,0.005408098473204053,184.9078756525573,4437.789015661375
w17,826883.0,118688.0,18472.0,-2.0,179.49171606754442,0.01114257551165972,89.74585803377221,2153.900592810533
w90,826285.0,118090.0,17874.0,-2.0,171.65837533857734,0.011651048170852246,85.82918766928867,2059.900504062928
w0024,842236.0,134041.0,33825.0,-2.0,371.81572226894014,0.005379008686871419,185.90786113447007,4461.788667227282
w0122,837278.0,129083.0,28867.0,-2.0,282.4858975701538,0.0070799994520197645,141.2429487850769,3389.830770841845
w10,821782.0,113587.0,13371.0,-2.0,134.49327040132985,0.014870632515901884,67.24663520066493,1613.9192448159583
w0012,833967.0,125772.0,25556.0,-2.0,315.15173259362706,0.006346149467561086,157.57586629681353,3781.820791123525
w49,829972.0,121777.0,21561.0,-2.0,217.32312279485188,0.00920288634858222,108.66156139742594,2607.8774735382226
w0090,839560.0,131365.0,31149.0,-2.0,372.6490756172049,0.005366979635431737,186.32453780860246,4471.788907406459
w134,823018.0,114823.0,14607.0,-2.0,119.1615867765007,0.016783932256216067,59.58079338825035,1429.9390413180083
w0209,833437.0,125242.0,25026.0,-2.0,241.15558832989768,0.008293401010736796,120.57779416494884,2893.867059958772
w129,827830.0,119635.0,19419.0,-2.0,176.82504232562874,0.011310615135139843,88.41252116281437,2121.900507907545
w0105,834405.0,126210.0,25994.0,-2.0,259.48847378312274,0.007707471437330874,129.74423689156137,3113.8616853974727
w140,823513.0,115318.0,15102.0,-2.0,165.15877392808855,0.012109559501033932,82.57938696404428,1981.9052871370627
w71,824450.0,116255.0,16039.0,-2.0,173.4913610692271,0.011527951522623384,86.74568053461356,2081.8963328307254
w0069,833056.0,124861.0,24645.0,-2.0,288.81933450551287,0.006924744160304215,144.40966725275644,3465.8320140661544
w22,815938.0,107743.0,7527.0,-2.0,53.16424042030476,0.03761927160415424,26.58212021015238,637.9708850436571
w23,827740.0,119545.0,19329.0,-2.0,178.6583560287049,0.011194550562631739,89.32917801435245,2143.9002723444587
w0016,831359.0,123164.0,22948.0,-2.0,247.32219987235908,0.008086617380211656,123.66109993617954,2967.866398468309
w0108,838128.0,129933.0,29717.0,-2.0,343.9840507352986,0.005814223059833181,171.9920253676493,4127.808608823583
w175,829356.0,121161.0,20945.0,-2.0,176.49209044563966,0.011331952581841104,88.24604522281983,2117.905085347676
w145,822299.0,114104.0,13888.0,-2.0,133.4940742428222,0.014981938421941133,66.7470371214111,1601.9288909138663
w68,822937.0,114742.0,14526.0,-2.0,149.49308388951295,0.013378545334432702,74.74654194475647,1793.9170066741553
w0045,837917.0,129722.0,29506.0,-2.0,300.3196619375038,0.006659570629165792,150.1598309687519,3603.8359432500456
w165,828096.0,119901.0,19685.0,-2.0,183.15836033657487,0.010919512471747217,91.57918016828744,2197.9003240388984
w141,822165.0,113970.0,13754.0,-2.0,135.32688135045393,0.014779029709704393,67.66344067522697,1623.922576205447
w0022_1.0,822323.0,114128.0,13912.0,-1.0,175.3253764452531,0.0057036808947748575,175.3253764452531,1051.9522586715186
w0162,841533.0,133338.0,33122.0,-2.0,357.6505729520177,0.005592050317415036,178.82528647600884,4291.806875424212
w0075,845786.0,137591.0,37375.0,-2.0,407.31517363885246,0.004910202539553087,203.65758681942623,4887.7820836662295
w0084,839618.0,131423.0,31207.0,-2.0,312.3189684748561,0.0064037096746527395,156.15948423742805,3747.827621698273
w92,830976.0,122781.0,22565.0,-2.0,198.6574477179263,0.010067581271052067,99.32872385896314,2383.8893726151155
w0007,837152.0,128957.0,28741.0,-2.0,295.4860849081217,0.006768508238287698,147.74304245406086,3545.8330188974605
w135,819649.0,111454.0,11238.0,-2.0,92.99580598698309,0.021506346213935136,46.49790299349154,1115.949671843797
w29,820666.0,112471.0,12255.0,-2.0,112.99423104033163,0.017700018678706964,56.49711552016581,1355.9307724839796
w133,822306.0,114111.0,13895.0,-2.0,132.32677368322805,0.015114099318915782,66.16338684161403,1587.9212841987367
w42,824414.0,116219.0,16003.0,-2.0,156.99274176744447,0.012739442457554043,78.49637088372224,1883.9129012093335
w212,825144.0,116949.0,16733.0,-2.0,157.15923417986104,0.012725946460843006,78.57961708993052,1885.9108101583324
w9,830913.0,122718.0,22502.0,-2.0,218.82320637722168,0.009139798438709787,109.41160318861084,2625.87847652666
w169,822149.0,113954.0,13738.0,-2.0,132.99351282700093,0.015038327490466522,66.49675641350046,1595.9221539240111
w0007_1.0,834789.0,126594.0,26378.0,-1.0,334.9846696015546,0.0029852112372468977,334.9846696015546,2009.9080176093275
w0021_1.5,830409.0,122214.0,21998.0,-1.5,246.3210760142808,0.006089612891724439,164.2140506761872,2216.8896841285273
w0018,840766.0,132571.0,32355.0,-2.0,319.98538535329993,0.006250285455355327,159.99269267664997,3839.824624239599
w0193,834630.0,126435.0,26219.0,-2.0,283.15242060872635,0.00706333357737279,141.57621030436317,3397.8290473047164
w33,822030.0,113835.0,13619.0,-2.0,145.65950762267772,0.01373065193369238,72.82975381133886,1747.9140914721327
w0197,843316.0,135121.0,34905.0,-2.0,374.8161361145414,0.00533594956912104,187.4080680572707,4497.7936333744965
w205,821373.0,113178.0,12962.0,-2.0,137.32678533602237,0.01456380119221634,68.66339266801118,1647.9214240322685
w0006_1.5,837447.0,129252.0,29036.0,-1.5,336.1510161871434,0.0044622801293717155,224.1006774580956,3025.3591456842905
w0009,845855.0,137660.0,37444.0,-2.0,402.64744985527767,0.0049671244676176484,201.32372492763884,4831.769398263332
w98,823812.0,115617.0,15401.0,-2.0,142.32670149537594,0.01405217699129336,71.16335074768797,1707.9204179445114
w0111,836875.0,128680.0,28464.0,-2.0,301.81803412211826,0.006626509266808034,150.90901706105913,3621.8164094654194
w0022,831223.0,123028.0,22812.0,-2.0,214.15639277258006,0.009338969405054687,107.07819638629003,2569.876713270961
w0089,844492.0,136297.0,36081.0,-2.0,402.48072960915374,0.004969182007650866,201.24036480457687,4829.768755309845
w0140,844175.0,135980.0,35764.0,-2.0,409.4801673790586,0.004884241434209892,204.7400836895293,4913.762008548703
w0046,841773.0,133578.0,33362.0,-2.0,333.81836982496844,0.0059912820287531315,166.90918491248422,4005.8204378996215
w0150,838825.0,130630.0,30414.0,-2.0,335.31767822857194,0.005964493165304229,167.65883911428597,4023.812138742863
w123,827448.0,119253.0,19037.0,-2.0,184.65781415291016,0.010830844116587744,92.32890707645508,2215.893769834922
w0012_1.0,828586.0,120391.0,20175.0,-1.0,230.9902298866635,0.004329187431393332,230.9902298866635,1385.941379319981
w1,827662.0,119467.0,19251.0,-2.0,181.32467405270742,0.011029938481613596,90.66233702635371,2175.896088632489
w149,826014.0,117819.0,17603.0,-2.0,162.32565834808494,0.012320911064542098,81.16282917404247,1947.9079001770192
w0095,830122.0,121927.0,21711.0,-2.0,209.49038924950318,0.009546977344235104,104.74519462475159,2513.884670994038
w0149,834187.0,125992.0,25776.0,-2.0,257.9871657401995,0.00775232362533126,128.99358287009974,3095.8459888823936
w0017_1.0,833938.0,125743.0,25527.0,-1.0,347.98360880293586,0.0028736985728724453,347.98360880293586,2087.9016528176153
w0019_1.0,836518.0,128323.0,28107.0,-1.0,344.6495009350961,0.0029014984710171348,344.6495009350961,2067.897005610577
w0005_1.0,831143.0,122948.0,22732.0,-1.0,319.652388081025,0.0031283983392187942,319.652388081025,1917.9143284861498
w213,823975.0,115780.0,15564.0,-2.0,143.49314430661744,0.013937948113579434,71.74657215330872,1721.9177316794094
w0098,836374.0,128179.0,27963.0,-2.0,288.31981149722185,0.0069367414941559485,144.15990574861092,3459.837737966662
w37,829538.0,121343.0,21127.0,-2.0,181.65847943066026,0.011009670488645743,90.82923971533013,2179.9017531679233
w0082,848776.0,140581.0,40365.0,-2.0,491.1437869058368,0.004072127253405416,245.5718934529184,5893.725442870042
w148,824631.0,116436.0,16220.0,-2.0,147.1602049189795,0.01359063070822115,73.58010245948975,1765.922459027754
w184,822379.0,114184.0,13968.0,-2.0,128.16066095813392,0.015605412651962972,64.08033047906696,1537.927931497607
w132,828818.0,120623.0,20407.0,-2.0,183.99161247498546,0.010870060722316402,91.99580623749273,2207.8993496998255
w139,826659.0,118464.0,18248.0,-2.0,183.99128757951223,0.010870079916885714,91.99564378975612,2207.895450954147
w0031,846653.0,138458.0,38242.0,-2.0,421.64656916278545,0.004743309079856068,210.82328458139273,5059.758829953425
w0144,843282.0,135087.0,34871.0,-2.0,400.3140093913717,0.00499607796150016,200.15700469568586,4803.768112696461
w0029_1.5,831707.0,123512.0,23296.0,-1.5,241.82257597837148,0.006202894803891922,161.21505065224764,2176.4031838053434
w158,826635.0,118440.0,18224.0,-2.0,169.32560077940775,0.011811562993392472,84.66280038970388,2031.907209352893
w24,827881.0,119686.0,19470.0,-2.0,178.65813720277,0.011194564274058664,89.329068601385,2143.89764643324
w0040,837289.0,129094.0,28878.0,-2.0,307.984497845062,0.006493833338995334,153.992248922531,3695.813974140744
w91,825335.0,117140.0,16924.0,-2.0,147.82676154428586,0.013529350025034819,73.91338077214293,1773.9211385314302
w179,823659.0,115464.0,15248.0,-2.0,146.1601350367808,0.013683621731032922,73.0800675183904,1753.9216204413694
w0151,840002.0,131807.0,31591.0,-2.0,332.31787175719205,0.0060183341612794735,166.15893587859603,3987.8144610863046
w0030_1.0,833542.0,125347.0,25131.0,-1.0,298.9857976754911,0.0033446404738106178,298.9857976754911,1793.9147860529465
w102,821837.0,113642.0,13426.0,-2.0,112.82817761665382,0.0177260684542404,56.41408880832691,1353.9381313998458
w131,826053.0,117858.0,17642.0,-2.0,162.6593615797187,0.012295634143503065,81.32968078985935,1951.9123389566244
w0203,826588.0,118393.0,18177.0,-2.0,188.9920298811414,0.010582456843591848,94.4960149405707,2267.9043585736968
w0010,844076.0,135881.0,35665.0,-2.0,358.8162166022121,0.005573884087343867,179.40810830110604,4305.794599226545
w77,824737.0,116542.0,16326.0,-2.0,162.32564684447925,0.012320911937693723,81.16282342223963,1947.907762133751
w36,830147.0,121952.0,21736.0,-2.0,196.99054702910374,0.010152771440877903,98.49527351455187,2363.886564349245
w128,820745.0,112550.0,12334.0,-2.0,126.99409207532078,0.015748764114269117,63.49704603766039,1523.9291049038493
w0023,834797.0,126602.0,26386.0,-2.0,291.48584058579104,0.006861396752516881,145.74292029289552,3497.8300870294925
w0107,833979.0,125784.0,25568.0,-2.0,248.15501801856144,0.008059478369485982,124.07750900928072,2977.860216222737
w204,823374.0,115179.0,14963.0,-2.0,129.1610327156186,0.015484546367816035,64.5805163578093,1549.9323925874232
w55,827012.0,118817.0,18601.0,-2.0,173.99206638066752,0.011494776983821273,86.99603319033376,2087.90479656801
w82,825746.0,117551.0,17335.0,-2.0,164.82584438486165,0.012134019440119362,82.41292219243083,1977.91013261834
w0070,831913.0,123718.0,23502.0,-2.0,235.32236760045942,0.008498979592945823,117.66118380022971,2823.868411205513
w0195,836801.0,128606.0,28390.0,-2.0,288.98706144593706,0.006920725066350954,144.49353072296853,3467.8447373512445
w0003_1.5,842131.0,133936.0,33720.0,-1.5,412.48088120947597,0.003636532184477743,274.98725413965064,3712.327930885284
w0002_1.0,834921.0,126726.0,26510.0,-1.0,346.4841086854041,0.002886135251033883,346.4841086854041,2078.9046521124246
w81,825699.0,117504.0,17288.0,-2.0,165.99248375002674,0.012048738321259548,82.99624187501337,1991.9098050003208
w69,829042.0,120847.0,20631.0,-2.0,185.3246251126461,0.010791873982123733,92.66231255632304,2223.895501351753
w0177,835016.0,126821.0,26605.0,-2.0,310.1515802538565,0.006448459809113391,155.07579012692824,3721.8189630462775
w0021,839005.0,130810.0,30594.0,-2.0,324.3180792181059,0.006166785412708947,162.15903960905294,3891.816950617271
w19,827938.0,119743.0,19527.0,-2.0,178.4917428380319,0.011205000120452925,89.24587141901596,2141.900914056383
w0078,838800.0,130605.0,30389.0,-2.0,290.65324200959395,0.0068810517514681065,145.32662100479698,3487.8389041151277
w0014_1.5,829470.0,121275.0,21059.0,-1.5,224.15609732355787,0.006691765327421929,149.43739821570526,2017.4048759120208
w113,822887.0,114692.0,14476.0,-2.0,129.66071982148875,0.01542487194852468,64.83035991074438,1555.928637857865
w168,818874.0,110679.0,10463.0,-2.0,122.99399834464067,0.01626095603783701,61.496999172320336,1475.9279801356881
w170,827474.0,119279.0,19063.0,-2.0,176.49149621590004,0.011331990735425705,88.24574810795002,2117.8979545908005
w176,821685.0,113490.0,13274.0,-2.0,134.32696739376482,0.014889043047753908,67.16348369688241,1611.923608725178
w28,829034.0,120839.0,20623.0,-2.0,195.99068363888833,0.01020456668075605,97.99534181944416,2351.88820366666
w0086,843276.0,135081.0,34865.0,-2.0,409.6481948455641,0.004882238040262799,204.82409742278205,4915.778338146769
w30,827321.0,119126.0,18910.0,-2.0,171.65877797104358,0.011651020842857053,85.82938898552179,2059.905335652523
w45,826889.0,118694.0,18478.0,-2.0,170.99216603514523,0.011696442277881466,85.49608301757262,2051.9059924217427
w60,826439.0,118244.0,18028.0,-2.0,167.82562879945985,0.011917130978784314,83.91281439972992,2013.907545593518
w183,821295.0,113100.0,12884.0,-2.0,119.32761060044476,0.01676058030439223,59.66380530022238,1431.931327205337
w0208,825274.0,117079.0,16863.0,-2.0,191.49038180431708,0.010444388805093033,95.74519090215854,2297.884581651805
w211,830414.0,122219.0,22003.0,-2.0,203.3239264766729,0.009836520642982257,101.66196323833645,2439.887117720075
w182,822643.0,114448.0,14232.0,-2.0,129.66072500604966,0.015424871331752039,64.83036250302483,1555.9287000725958
w177,827236.0,119041.0,18825.0,-2.0,178.3252179932966,0.011215463648417813,89.1626089966483,2139.902615919559
w0139,842679.0,134484.0,34268.0,-2.0,364.9830300732768,0.0054797068225294334,182.4915150366384,4379.796360879322
w56,828427.0,120232.0,20016.0,-2.0,175.1585012978368,0.011418229690143505,87.5792506489184,2101.902015574042
w39,811564.0,103369.0,3153.0,-2.0,131.82726210367306,0.015171368714516256,65.91363105183653,1581.9271452440767
w166,826536.0,118341.0,18125.0,-2.0,157.65949669230562,0.012685566311956947,78.82974834615281,1891.9139603076674
w114,829952.0,121757.0,21541.0,-2.0,196.9908311698135,0.010152756796461887,98.49541558490675,2363.889974037762
w0011_1.5,833992.0,125797.0,25581.0,-1.5,284.15335852187746,0.0052788395949383525,189.4355723479183,2557.3802266968974
w0014,851097.0,142902.0,42686.0,-2.0,530.4751070575726,0.003770205186617625,265.2375535287863,6365.701284690871
w0051,836284.0,128089.0,27873.0,-2.0,276.9866994852434,0.007220563311223365,138.4933497426217,3323.8403938229203
w41,826093.0,117898.0,17682.0,-2.0,132.3273692733458,0.015114031292110426,66.1636846366729,1587.9284312801497
w0025,835168.0,126973.0,26757.0,-2.0,293.4867578402938,0.006814617513640382,146.7433789201469,3521.8410940835256
w73,824417.0,116222.0,16006.0,-2.0,161.15919666927354,0.012410089162360029,80.57959833463677,1933.9103600312824
w93,826882.0,118687.0,18471.0,-2.0,175.49209080460204,0.011396524999105845,87.74604540230102,2105.9050896552244
w0137,847235.0,139040.0,38824.0,-2.0,405.9810564275972,0.004926338232623129,202.9905282137986,4871.772677131166
w0211,839458.0,131263.0,31047.0,-2.0,327.31895037579096,0.006110248116413131,163.65947518789548,3927.8274045094913
w200,822489.0,114294.0,14078.0,-2.0,135.99377472878118,0.014706555531594698,67.99688736439059,1631.925296745374
w0192,832086.0,123891.0,23675.0,-2.0,247.6556891133365,0.008075728068918802,123.82784455666825,2971.868269360038
w79,823424.0,115229.0,15013.0,-2.0,146.9933973614345,0.013606053305117528,73.49669868071724,1763.9207683372138
w190,824765.0,116570.0,16354.0,-2.0,146.82680291877415,0.013621491173559212,73.41340145938707,1761.9216350252898
w0085,837779.0,129584.0,29368.0,-2.0,325.8173439210822,0.0061384086431090345,162.9086719605411,3909.8081270529865
w0180,845953.0,137758.0,37542.0,-2.0,405.98126836038705,0.004926335660946338,202.99063418019352,4871.775220324645
w0083,837169.0,128974.0,28758.0,-2.0,334.9848370383773,0.00597041949027344,167.49241851918865,4019.8180444605277
w83,825831.0,117636.0,17420.0,-2.0,156.99321570300256,0.012739403999364981,78.49660785150128,1883.9185884360309
w0153,830089.0,121894.0,21678.0,-2.0,221.65685374801785,0.00902295582645788,110.82842687400893,2659.882244976214
w0210,840696.0,132501.0,32285.0,-2.0,376.14895023278746,0.005317042620382854,188.07447511639373,4513.7874027934495
w70,828566.0,120371.0,20155.0,-2.0,178.49201010416996,0.011204983342575263,89.24600505208498,2141.9041212500397
w138,828203.0,120008.0,19792.0,-2.0,190.15736669178798,0.010517604628179628,95.07868334589399,2281.888400301456
w0011,829325.0,121130.0,20914.0,-2.0,211.65631144311183,0.009449281178357643,105.82815572155592,2539.875737317342
w137,824887.0,116692.0,16476.0,-2.0,161.49209970597485,0.012384506756933351,80.74604985298743,1937.9051964716982
w0018_1.0,839690.0,131495.0,31279.0,-1.0,374.9826136348266,0.0026667903087737315,374.9826136348266,2249.8956818089596
w154,826602.0,118407.0,18191.0,-2.0,178.99182958945661,0.011173694378046675,89.49591479472831,2147.9019550734793
w0020_1.0,829500.0,121305.0,21089.0,-1.0,276.1545811556453,0.003621160278476001,276.1545811556453,1656.927486933872
w0094,830895.0,122700.0,22484.0,-2.0,227.98805845204774,0.00877238928029494,113.99402922602387,2735.8567014245727
w46,825379.0,117184.0,16968.0,-2.0,149.82660784729887,0.013348763805948082,74.91330392364944,1797.9192941675865
w195,823809.0,115614.0,15398.0,-2.0,150.6596409603672,0.013274955304892328,75.3298204801836,1807.9156915244064
w100,826185.0,117990.0,17774.0,-2.0,173.6588451282978,0.011516833470373569,86.8294225641489,2083.9061415395736
w109,827690.0,119495.0,19279.0,-2.0,196.65687197130828,0.01016999802728376,98.32843598565414,2359.882463655699
w0159,847189.0,138994.0,38778.0,-2.0,425.6466236828103,0.0046987333828598385,212.82331184140514,5107.759484193723
w16,825317.0,117122.0,16906.0,-2.0,166.82543591083547,0.011988579493770699,83.41271795541773,2001.9052309300255
w159,825786.0,117591.0,17375.0,-2.0,165.15874627176234,0.012109561528815902,82.57937313588117,1981.9049552611482
w0216,836945.0,128750.0,28534.0,-2.0,311.486589506126,0.006420822171417001,155.743294753063,3737.839074073512
w57,820748.0,112553.0,12337.0,-2.0,116.49419822485824,0.017168236963523115,58.24709911242912,1397.930378698299
w0113,842639.0,134444.0,34228.0,-2.0,344.8171866818725,0.00580017492528641,172.40859334093625,4137.80624018247
w0050,842784.0,134589.0,34373.0,-2.0,356.6501792932931,0.005607735860284791,178.32508964664655,4279.802151519517
w0048,826379.0,118184.0,17968.0,-2.0,177.99170221752058,0.011236478864367704,88.99585110876029,2135.900426610247
w151,827552.0,119357.0,19141.0,-2.0,186.99119173765976,0.010695690964983582,93.49559586882988,2243.8943008519173
w189,824524.0,116329.0,16113.0,-2.0,146.32659156459547,0.013668055673374346,73.16329578229774,1755.9190987751458
w5,824490.0,116295.0,16079.0,-2.0,143.9937070842987,0.013889495871018401,71.99685354214935,1727.9244850115845
w0014_1.0,820263.0,112068.0,11852.0,-1.0,157.32602126874062,0.006356227608984171,157.32602126874062,943.9561276124437
w88,827917.0,119722.0,19506.0,-2.0,185.99174216603078,0.01075316557987098,92.99587108301539,2231.900905992369
w116,827429.0,119234.0,19018.0,-2.0,184.49135358957142,0.010840616435875357,92.24567679478571,2213.896243074857
w0171,839119.0,130924.0,30708.0,-2.0,296.4855345331729,0.006745691668057505,148.24276726658644,3557.8264143980746
w136,828885.0,120690.0,20474.0,-2.0,196.65696158643058,0.010169993392890908,98.32848079321529,2359.883539037167
w188,824692.0,116497.0,16281.0,-2.0,155.32638315154313,0.012876112605085987,77.66319157577156,1863.9165978185174
w0033,830627.0,122432.0,22216.0,-2.0,236.82225025636407,0.008445152420581116,118.41112512818204,2841.8670030763687
w167,823658.0,115463.0,15247.0,-2.0,145.32691003085657,0.013762076132874149,72.66345501542828,1743.922920370279
w0163,838994.0,130799.0,30583.0,-2.0,318.81751938571483,0.006273180984073655,159.40875969285742,3825.810232628578
w0173,839709.0,131514.0,31298.0,-2.0,304.98590401985865,0.006557680121077902,152.49295200992933,3659.8308482383036
w0013_1.0,824598.0,116403.0,16187.0,-1.0,176.6588643605601,0.0056606273544191005,176.6588643605601,1059.9531861633607
w0030,846632.0,138437.0,38221.0,-2.0,393.81490364631935,0.0050785279619487865,196.90745182315968,4725.778843755832
w124,830068.0,121873.0,21657.0,-2.0,217.82275926998648,0.009181776994758589,108.91137963499324,2613.8731112398377
w0002_1.5,836184.0,127989.0,27773.0,-1.5,308.31781316284236,0.004865109753511887,205.54520877522825,2774.8603184655813
w0100,825238.0,117043.0,16827.0,-2.0,166.65853353096585,0.012000585614347744,83.32926676548293,1999.9024023715901
w0115,835583.0,127388.0,27172.0,-2.0,285.8205496892547,0.00699739750054504,142.91027484462734,3429.846596271056
w216,823754.0,115559.0,15343.0,-2.0,151.99266892257586,0.013158529382879564,75.99633446128793,1823.9120270709104
w47,820402.0,112207.0,11991.0,-2.0,129.826799901606,0.015405139782508492,64.913399950803,1557.9215988192718
w0019_1.5,843616.0,135421.0,35205.0,-1.5,389.64864004119545,0.0038496220590976864,259.7657600274636,3506.837760370759
w202,826765.0,118570.0,18354.0,-2.0,167.3257214873863,0.011952734954444934,83.66286074369314,2007.9086578486354
w0145,837679.0,129484.0,29268.0,-2.0,333.65122474005034,0.005994283406446993,166.82561237002517,4003.814696880604
w8,828719.0,120524.0,20308.0,-2.0,183.99167107163282,0.010870057260479727,91.99583553581641,2207.900052859594
w0050_1.0,838398.0,130203.0,29987.0,-1.0,378.3164238463292,0.0026432899471639025,378.3164238463292,2269.8985430779753
w0097,837918.0,129723.0,29507.0,-2.0,302.98636074957807,0.006600957201677552,151.49318037478903,3635.8363289949366
w105,822391.0,114196.0,13980.0,-2.0,132.82699482778827,0.015057180226000166,66.41349741389413,1593.9239379334592
w86,824141.0,115946.0,15730.0,-2.0,147.65913775656767,0.013544708647135811,73.82956887828384,1771.909653078812
w178,828611.0,120416.0,20200.0,-2.0,206.49019430631688,0.009685689951132061,103.24509715315844,2477.8823316758026
w0063,833143.0,124948.0,24732.0,-2.0,239.82254454478303,0.008339499540363404,119.91127227239151,2877.8705345373965
w0112,842943.0,134748.0,34532.0,-2.0,398.98090553868707,0.005012771218461407,199.49045276934353,4787.770866464245
w0001_1.0,830323.0,122128.0,21912.0,-1.0,277.65328724231045,0.0036016141207335724,277.65328724231045,1665.9197234538628
w0087,846498.0,138303.0,38087.0,-2.0,408.813100479309,0.0048922111293770165,204.4065502396545,4905.757205751708
w0157,843029.0,134834.0,34618.0,-2.0,384.6483155001199,0.005199554812555462,192.32415775005995,4615.779786001439
w0010_1.0,825964.0,117769.0,17553.0,-1.0,237.98929627404524,0.004201869645635229,237.98929627404524,1427.9357776442714
w0016_1.0,833315.0,125120.0,24904.0,-1.0,299.1523030602715,0.0033427788780838025,299.1523030602715,1794.913818361629
w173,817816.0,109621.0,9405.0,-2.0,96.32867237551422,0.020762250228088683,48.16433618775711,1155.9440685061707
w0008,841103.0,132908.0,32692.0,-2.0,341.818035771099,0.00585106632974544,170.9090178855495,4101.816429253188
w107,825539.0,117344.0,17128.0,-2.0,162.65894194510017,0.012295665864315224,81.32947097255008,1951.907303341202
w147,825398.0,117203.0,16987.0,-2.0,150.4932573181812,0.013289631945247148,75.2466286590906,1805.9190878181744
w0109,840191.0,131996.0,31780.0,-2.0,343.15000986169116,0.005828354779316815,171.57500493084558,4117.800118340294
w181,821658.0,113463.0,13247.0,-2.0,122.8278890157518,0.016282946943291635,61.4139445078759,1473.9346681890215
w43,829859.0,121664.0,21448.0,-2.0,207.48999683198994,0.009639018895062456,103.74499841599497,2489.879961983879
w18,830716.0,122521.0,22305.0,-2.0,202.82411157480212,0.009860760559833115,101.41205578740106,2433.8893388976253
w61,823273.0,115078.0,14862.0,-2.0,134.66073877849004,0.01485213892439649,67.33036938924502,1615.9288653418805
w0166,837882.0,129687.0,29471.0,-2.0,316.81817820304394,0.006312769082076567,158.40908910152197,3801.818138436527
w0155,843522.0,135327.0,35111.0,-2.0,413.14810507829424,0.004840879034459052,206.57405253914712,4957.777260939531
w75,822322.0,114127.0,13911.0,-2.0,132.3271483295761,0.015114056527680686,66.16357416478805,1587.9257799549132
w0009_1.0,827780.0,119585.0,19369.0,-1.0,234.3223324373329,0.004267625665886711,234.3223324373329,1405.9339946239975
w197,822597.0,114402.0,14186.0,-2.0,144.49315617386242,0.013841486011929076,72.24657808693121,1733.917874086349
w0058,837175.0,128980.0,28764.0,-2.0,317.98617148386273,0.00628958168421955,158.99308574193137,3815.8340578063526
w0039,831790.0,123595.0,23379.0,-2.0,273.82123238828245,0.007304035492631087,136.91061619414123,3285.8547886593897
w112,831098.0,122903.0,22687.0,-2.0,216.48984498568294,0.009238308615040422,108.24492249284147,2597.8781398281953
w38,813766.0,105571.0,5355.0,-2.0,219.15640430410767,0.009125902600704942,109.57820215205383,2629.876851649292
w0130,840455.0,132260.0,32044.0,-2.0,340.3169925014931,0.005876873750261605,170.15849625074654,4083.8039100179167
w0003_1.0,835553.0,127358.0,27142.0,-1.0,344.3167750018387,0.002904302295450635,344.3167750018387,2065.900650011032
w0076,831066.0,122871.0,22655.0,-2.0,252.15428313098195,0.007931651904406069,126.07714156549098,3025.8513975717833
w87,820877.0,112682.0,12466.0,-2.0,121.32763719918535,0.016484290357658336,60.66381859959267,1455.9316463902242
w0128,845594.0,137399.0,37183.0,-2.0,445.81287964657577,0.004486187123139034,222.90643982328788,5349.754555758909
w191,821855.0,113660.0,13444.0,-2.0,144.66008689649894,0.013825513608539135,72.33004344824947,1735.9210427579874
w0143,833974.0,125779.0,25563.0,-2.0,252.98833744085064,0.007905502760448812,126.49416872042532,3035.860049290208
w0041,838164.0,129969.0,29753.0,-2.0,336.65080735079164,0.005940873915433659,168.32540367539582,4039.8096882094997
w160,823277.0,115082.0,14866.0,-2.0,127.16057756411656,0.015728144982603318,63.58028878205828,1525.9269307693987
w76,827822.0,119627.0,19411.0,-2.0,183.65815327999567,0.01088979696398724,91.82907663999784,2203.897839359948
w0182,845699.0,137504.0,37288.0,-2.0,436.9789615158163,0.004576879383534373,218.48948075790815,5243.747538189796
w156,828493.0,120298.0,20082.0,-2.0,195.15774743611323,0.010248119924907,97.57887371805661,2341.8929692333586
w0212,830102.0,121907.0,21691.0,-2.0,229.65557881734807,0.008708693297586554,114.82778940867404,2755.8669458081768
w0188,842091.0,133896.0,33680.0,-2.0,385.8144255248749,0.005183839347839659,192.90721276243744,4629.7731062984985
w0071,836547.0,128352.0,28136.0,-2.0,255.32140564263082,0.00783326409693736,127.66070282131541,3063.85686771157
w163,820325.0,112130.0,11914.0,-2.0,120.66077317907177,0.016575395195187543,60.330386589535884,1447.9292781488612
w0032,840371.0,132176.0,31960.0,-2.0,354.31723468771185,0.0056446590913444,177.15861734385592,4251.806816252542
w0190,841268.0,133073.0,32857.0,-2.0,388.3158437427571,0.0051504465558838124,194.15792187137856,4659.7901249130855
w0026,839082.0,130887.0,30671.0,-2.0,317.4850641312256,0.006299508940594897,158.7425320656128,3809.8207695747074
w0096,842078.0,133883.0,33667.0,-2.0,367.9824745779908,0.0054350414440079995,183.9912372889954,4415.789694935889
w59,829010.0,120815.0,20599.0,-2.0,175.49210932515814,0.011396523796373816,87.74605466257907,2105.9053119018977
w0012_1.5,839940.0,131745.0,31529.0,-1.5,357.9835173044184,0.004190137052384022,238.6556782029456,3221.851655739765
w0052,843039.0,134844.0,34628.0,-2.0,346.48418317354003,0.005772269261128957,173.24209158677002,4157.81019808248
w0187,829385.0,121190.0,20974.0,-2.0,206.15676348905015,0.009701355250982239,103.07838174452507,2473.881161868602
w130,825525.0,117330.0,17114.0,-2.0,156.99258476855866,0.012739455197507809,78.49629238427933,1883.9110172227038
w0165,840721.0,132526.0,32310.0,-2.0,348.15008652978304,0.005744648866628694,174.07504326489152,4177.8010383573965
w0110,833290.0,125095.0,24879.0,-2.0,286.65321082217366,0.0069770716827613245,143.32660541108683,3439.838529866084
w48,821444.0,113249.0,13033.0,-2.0,126.16066242157245,0.01585280198765044,63.08033121078623,1513.9279490588694
w126,827233.0,119038.0,18822.0,-2.0,182.82477707539053,0.010939436284258508,91.41238853769526,2193.8973249046862
w0035,847775.0,139580.0,39364.0,-2.0,433.81318280133786,0.004610279445832074,216.90659140066893,5205.758193616054
w0215,838301.0,130106.0,29890.0,-2.0,302.8185354393199,0.006604615523612058,151.40926771965994,3633.8224252718383
w0117,840373.0,132178.0,31962.0,-2.0,359.816511645272,0.005558388609947161,179.908255822636,4317.798139743264
w64,822052.0,113857.0,13641.0,-2.0,129.49408994352206,0.015444720302465433,64.74704497176103,1553.9290793222647
w0020_1.5,839525.0,131330.0,31114.0,-1.5,344.1505056427243,0.004358558175582654,229.43367042848286,3097.3545507845183
w89,828054.0,119859.0,19643.0,-2.0,188.99100447922638,0.010582514260459615,94.49550223961319,2267.8920537507165
w0201,841442.0,133247.0,33031.0,-2.0,377.6481233637153,0.005295935227179157,188.82406168185764,4531.777480364583
w0206,837745.0,129550.0,29334.0,-2.0,325.3179417645908,0.006147831838451924,162.6589708822954,3903.815301175089
w0015_1.0,831359.0,123164.0,22948.0,-1.0,283.15473466325386,0.003531637926483078,283.15473466325386,1698.9284079795232
w0015,839378.0,131183.0,30967.0,-2.0,325.8189469014547,0.006138378443058772,162.90947345072735,3909.8273628174566
w120,825472.0,117277.0,17061.0,-2.0,154.99301116814223,0.012903807629302233,77.49650558407112,1859.9161340177068
w0023_1.5,828526.0,120331.0,20115.0,-1.5,239.1553025757779,0.0062720750234033186,159.43686838385193,2152.3977231820013
w0114,831141.0,122946.0,22730.0,-2.0,217.15746904202675,0.009209906566063991,108.57873452101337,2605.889628504321
w0008_1.5,833209.0,125014.0,24798.0,-1.5,252.48821671984558,0.005940871298815348,168.32547781323038,2272.3939504786103
w0003,844536.0,136341.0,36125.0,-2.0,377.3157572365192,0.005300600257588252,188.6578786182596,4527.78908683823
w143,823862.0,115667.0,15451.0,-2.0,155.15899171010446,0.012890003846742925,77.57949585505223,1861.9079005212534
w0102,845820.0,137625.0,37409.0,-2.0,478.14519006836787,0.004182829905104826,239.07259503418393,5737.742280820415
w0142,826436.0,118241.0,18025.0,-2.0,167.82559697575402,0.011917133238554442,83.91279848787701,2013.9071637090483
w0213,839557.0,131362.0,31146.0,-2.0,335.98471211089606,0.005952651796073015,167.99235605544803,4031.816545330753
w0017,846514.0,138319.0,38103.0,-2.0,413.6466527131154,0.004835044564925078,206.8233263565577,4963.7598325573845
w0005_1.5,847031.0,138836.0,38620.0,-1.5,474.64484636428205,0.0031602576357666274,316.429897576188,4271.803617278538
w153,821704.0,113509.0,13293.0,-2.0,128.16060806613174,0.01560541909233129,64.08030403306587,1537.9272967935808
w103,825363.0,117168.0,16952.0,-2.0,166.1589956849934,0.012036663990143684,83.0794978424967,1993.9079482199209
w26,822659.0,114464.0,14248.0,-2.0,129.99405983208234,0.015385318395190263,64.99702991604117,1559.928717984988
w174,830825.0,122630.0,22414.0,-2.0,220.15592779087476,0.009084470357299632,110.07796389543738,2641.871133490497
w101,824824.0,116629.0,16413.0,-2.0,162.99240829578036,0.01227051014775255,81.49620414789018,1955.9088995493644
w0202,839078.0,130883.0,30667.0,-2.0,305.15284061396216,0.006554092683443599,152.57642030698108,3661.834087367546
w0038,836837.0,128642.0,28426.0,-2.0,295.48585446899125,0.006768513516811625,147.74292723449562,3545.830253627895
w0124,831508.0,123313.0,23097.0,-2.0,232.3232713709282,0.008608694205268797,116.1616356854641,2787.8792564511386
w0027,846988.0,138793.0,38577.0,-2.0,440.64601419999894,0.00453879062909723,220.32300709999947,5287.752170399987
w0194,850485.0,142290.0,42074.0,-2.0,480.14383480741486,0.0041654184746581155,240.07191740370743,5761.726017688979
w0103,841331.0,133136.0,32920.0,-2.0,308.15229695275826,0.006490297232172223,154.07614847637913,3697.8275634330994
w0191,836263.0,128068.0,27852.0,-2.0,302.65273906519707,0.006608233601907573,151.32636953259853,3631.832868782365
w0017_1.5,839762.0,131567.0,31351.0,-1.5,341.8166356449058,0.004388317722365819,227.87775709660386,3076.3497208041517
w196,825264.0,117069.0,16853.0,-2.0,152.15913698597396,0.013144133435669789,76.07956849298698,1825.9096438316874
w0007_1.5,835636.0,127441.0,27225.0,-1.5,314.151793538862,0.0047747618535064745,209.434529025908,2827.3661418497586
w0024_1.0,830751.0,122556.0,22340.0,-1.0,298.4859326334983,0.003350241638448902,298.4859326334983,1790.9155958009896
w0175,845166.0,136971.0,36755.0,-2.0,398.1481913248197,0.005023255269212934,199.07409566240986,4777.778295897837
w208,823029.0,114834.0,14618.0,-2.0,138.65991822934865,0.014423778879574455,69.32995911467432,1663.9190187521838
w0133,841014.0,132819.0,32603.0,-2.0,332.150544512811,0.006021366013214109,166.0752722564055,3985.806534153732
w0174,842183.0,133988.0,33772.0,-2.0,366.8164708350799,0.005452317872877624,183.40823541753994,4401.797650020959
w203,828041.0,119846.0,19630.0,-2.0,187.82465574727306,0.01064822928620774,93.91232787363653,2253.895868967277
w0009_1.5,838708.0,130513.0,30297.0,-1.5,398.1485191984215,0.0037674383494377866,265.432346132281,3583.336672785794
w0135,842947.0,134752.0,34536.0,-2.0,370.6482375499256,0.005395951733699,185.3241187749628,4447.7788505991075
w67,824227.0,116032.0,15816.0,-2.0,156.99295710705923,0.012739424983479526,78.49647855352961,1883.9154852847107
w4,825290.0,117095.0,16879.0,-2.0,162.4919746132453,0.012308300177656729,81.24598730662265,1949.9036953589437
w186,821248.0,113053.0,12837.0,-2.0,124.49422122794103,0.0160650026987046,62.24711061397051,1493.9306547352924
w0179,841482.0,133287.0,33071.0,-2.0,370.1496085432272,0.00540322062711687,185.0748042716136,4441.795302518726
w74,825626.0,117431.0,17215.0,-2.0,172.65885148196978,0.011583535873391662,86.32942574098489,2071.906217783637
w0020,840782.0,132587.0,32371.0,-2.0,369.31532869075096,0.005415426451672456,184.65766434537548,4431.783944289012
w0154,842959.0,134764.0,34548.0,-2.0,370.3153794057013,0.00540080188732558,185.15768970285066,4443.784552868416
w0025_1.5,842298.0,134103.0,33887.0,-1.5,383.48142336176005,0.003911532367983739,255.65428224117338,3451.3328102558403
w0156,842700.0,134505.0,34289.0,-2.0,411.9807112884369,0.004854596210937059,205.99035564421845,4943.768535461243
w0186,836537.0,128342.0,28126.0,-2.0,290.15307818239285,0.006892913259885466,145.07653909119642,3481.836938188714
w25,824165.0,115970.0,15754.0,-2.0,130.3274877917385,0.015345956819147563,65.16374389586925,1563.929853500862
w51,829211.0,121016.0,20800.0,-2.0,152.49290701638424,0.013115364111886954,76.24645350819212,1829.9148841966107
w0018_1.5,842224.0,134029.0,33813.0,-1.5,370.48221791354155,0.004048777316351661,246.98814527569436,3334.339961221874
w157,822607.0,114412.0,14196.0,-2.0,130.82776628338294,0.015287274688064666,65.41388314169147,1569.9331954005952
w58,826594.0,118399.0,18183.0,-2.0,177.49189060779722,0.011268120437228246,88.74594530389861,2129.9026872935665
w0002,838613.0,130418.0,30202.0,-2.0,334.317685352871,0.0059823338328303145,167.1588426764355,4011.8122242344525
w0074,841946.0,133751.0,33535.0,-2.0,362.1494321360181,0.005522582178863748,181.07471606800905,4345.7931856322175
w0134,847231.0,139036.0,38820.0,-2.0,434.3126448060454,0.004604977598322417,217.1563224030227,5211.751737672545
w0199,830739.0,122544.0,22328.0,-2.0,240.1551609425487,0.008327949281416657,120.07758047127435,2881.861931310584
w0136,832905.0,124710.0,24494.0,-2.0,267.48737349606085,0.007476988441958936,133.74368674803043,3209.8484819527303
w0116,845711.0,137516.0,37300.0,-2.0,389.98149398834965,0.00512844847981363,194.99074699417483,4679.777927860196
w125,821616.0,113421.0,13205.0,-2.0,109.82794542494912,0.018210301506247323,54.91397271247456,1317.9353450993895
w31,825178.0,116983.0,16767.0,-2.0,159.82626866640047,0.012513587514043308,79.91313433320023,1917.9152239968057
w0118,840636.0,132441.0,32225.0,-2.0,338.48367118562913,0.005908704526261098,169.24183559281457,4061.8040542275494
w0028_1.0,839121.0,130926.0,30710.0,-1.0,372.1488418850329,0.002687096901698616,372.1488418850329,2232.8930513101973
w0152,845458.0,137263.0,37047.0,-2.0,385.4820336737307,0.005188309247358558,192.74101683686536,4625.7844040847685
w0026_1.0,836334.0,128139.0,27923.0,-1.0,395.14830950553505,0.0025306953767595263,395.14830950553505,2370.8898570332103
w180,822259.0,114064.0,13848.0,-2.0,136.3270368853848,0.014670604200702125,68.1635184426924,1635.9244426246178
w0121,839199.0,131004.0,30788.0,-2.0,328.98480118242486,0.006079308201508625,164.49240059121243,3947.817614189098
w0178,834043.0,125848.0,25632.0,-2.0,255.32158546087638,0.007833258580115098,127.66079273043819,3063.8590255305166
w44,820211.0,112016.0,11800.0,-2.0,92.99563166538633,0.02150638652787833,46.49781583269316,1115.947579984636
w15,824100.0,115905.0,15689.0,-2.0,129.16074176430814,0.015484581248763573,64.58037088215407,1549.9289011716978
w85,822770.0,114575.0,14359.0,-2.0,137.49422970157207,0.014546064982806566,68.74711485078603,1649.9307564188648
w0004_1.5,837057.0,128862.0,28646.0,-1.5,328.81823266070256,0.004561790834597071,219.21215510713503,2959.364093946323
w0099,841876.0,133681.0,33465.0,-2.0,350.9837934967111,0.005698268800604154,175.49189674835554,4211.805521960533
w0079,846060.0,137865.0,37649.0,-2.0,394.31388711051744,0.005072101352188604,197.15694355525872,4731.766645326209
w0184,851175.0,142980.0,42764.0,-2.0,491.97752031246904,0.004065226392315126,245.98876015623452,5903.730243749628
w52,825869.0,117674.0,17458.0,-2.0,177.32473105040162,0.011278742610535995,88.66236552520081,2127.8967726048195
w0158,844229.0,136034.0,35818.0,-2.0,380.4830565433299,0.005256475855114031,190.24152827166495,4565.796678519959
w0081,842539.0,134344.0,34128.0,-2.0,400.6489153074593,0.004991901696439621,200.32445765372964,4807.7869836895115
w0101,839862.0,131667.0,31451.0,-2.0,322.31783324546797,0.006205055363712555,161.15891662273398,3867.813998945616
wd_last0050,811150.0,102955.0,2739.0,-1.411486340422969,158.99162725928232,0.008877740071941826,112.64127941304665,224.41451011809716
wd_last0005,813848.0,105653.0,5437.0,-1.8342100881832493,294.98446566763005,0.00621798874741398,160.82370692869029,541.0634827849124
wd_last0007,815321.0,107126.0,6910.0,-0.4632819603121155,550.9709850283216,0.0008408463837497747,1189.2778744441712,255.25491801901805
wd_last0048,815927.0,107732.0,7516.0,-1.7075292125649062,426.97751471496883,0.003999108041332754,250.05575985057337,729.0765794841714
wd_last0020,819161.0,110966.0,10750.0,-2.0197243432287104,621.9672462568426,0.0032473162459662084,307.9466009022658,1256.202387955871
wd_last0023,811228.0,103033.0,2817.0,-1.153240873619119,178.99057408347613,0.006443025726490381,155.20658188411673,206.41924602561568
wd_last0013,812345.0,104150.0,3934.0,-0.6037839875394867,295.9844130090791,0.002039918188262725,490.21573794174543,178.7106491361561
wd_last0015,809525.0,101330.0,1114.0,-0.5520896587093425,89.9952607136594,0.00613465258427266,163.0084159229634,49.68545277286252
wd_last0033,816435.0,108240.0,8024.0,-1.8011019923770812,458.97582963415766,0.003924176124509021,254.83056016633722,826.6622812070052
wd_last0019,812023.0,103828.0,3612.0,-1.520256767629797,199.989468249119,0.007601684133366828,131.5497963945385,304.03534256040757
wd_last0022,810907.0,102712.0,2496.0,-0.4686819946593567,189.9899948370221,0.002466877242990628,405.3707993948198,89.0448897455364
wd_last0004,808959.0,100764.0,548.0,-0.2994086665331499,39.99789365078125,0.007485610846092686,133.5896322371576,11.975716002115158
wd_last0027,809862.0,101667.0,1451.0,-1.0277349083895082,92.99510273561295,0.011051494951421048,90.48549579904714,95.57431339065808
wd_last0037,809396.0,101201.0,985.0,-1.116195421469493,50.99731440432721,0.021887337294270965,45.688517819924634,56.922968845350255
wd_last0044,816383.0,108188.0,7972.0,-0.6630318989939159,584.9691946304084,0.0011334475474607318,882.2640291033362,387.8532359687413
wd_last0045,813826.0,105631.0,5415.0,-1.798770759708739,300.9841497163244,0.005976297294738174,167.32768647243321,541.4014876455217
wd_last0017,815977.0,107782.0,7566.0,-1.134330815826616,488.9742498704484,0.0023198170785622193,431.06847054500605,554.6585597737534
wd_last0025,816518.0,108323.0,8107.0,-1.688215231439774,479.97472379980053,0.003517300282137223,284.308964201478,810.3006394249219
wd_last0038,808912.0,100717.0,501.0,-1.2166590552798395,31.998314919188825,0.03802259770092551,26.300149397095478,38.93103960012707
wd_last0034,815727.0,107532.0,7316.0,-0.5537850625823979,557.9706164184649,0.0009924986124485668,1007.5580836661593,308.99579273243876
wd_last0029,809474.0,101279.0,1063.0,-1.3558971721184023,59.996840474975066,0.022599476262153383,44.24881304327693,81.3495463360576
wd_last0041,811524.0,103329.0,3113.0,-0.9789983401004824,210.98888900266496,0.0046400468988114195,215.51506306028006,206.55777211325392
wd_last0040,816498.0,108303.0,8087.0,-0.9066468025826204,564.9702478062146,0.0016047691114764707,623.1426021653348,512.2284687278152
wd_last0018,810146.0,101951.0,1735.0,-0.711526047102989,111.99410222075133,0.00635324568878191,157.399862839513,79.68672085197927
wd_last0006,814014.0,105819.0,5603.0,-1.0265124723198322,371.9804109448454,0.002759587446318608,362.3730066369294,381.84253129354045
wd_last0039,816281.0,108086.0,7870.0,-1.2171875380307908,510.9730913799339,0.002382097136942484,419.79816208651323,621.950079096724
wd_last0043,809180.0,100985.0,769.0,-0.4766928501723239,61.996735157873175,0.007688999250661138,130.05593672206626,29.55340038378528
wd_last0047,811068.0,102873.0,2657.0,-0.6256876899910025,193.9897842028183,0.0032253641219418014,310.0425137109664,121.37701995971446
wd_last0016,815163.0,106968.0,6752.0,-0.0819183173119528,616.9675095519909,0.00013277573947360297,7531.496370982812,50.54094021864526
wd_last0001,818074.0,109879.0,9663.0,-1.507009104742847,599.9684047497507,0.0025118141102303993,398.118633033825,904.1578485159159
wd_last0003,813931.0,105736.0,5520.0,-0.8314236016957548,378.98004233498875,0.0021938453449241034,455.82064493000763,315.092951768966
wd_last0046,809072.0,100877.0,661.0,-0.8439995280964345,39.99789365078125,0.02110109935951463,47.39089575203072,33.75820336611075
wd_last0030,818545.0,110350.0,10134.0,-1.5844800684043676,614.9676148690928,0.0025765260317677924,388.1195018681357,974.403928474251
wd_last0008,817426.0,109231.0,9015.0,-1.833219721357088,513.9729334018874,0.0035667631546730705,280.3662471083421,942.2253177560932
wd_last0028,817489.0,109294.0,9078.0,-1.8805491723739736,519.9726174505818,0.0036166311633760236,276.5004101403938,977.8340754038203
wd_last0026,811078.0,102883.0,2667.0,-1.6686609627030418,153.99189055203706,0.010836031408674514,92.28470851417752,256.9602563370236
wd_last0011,812362.0,104167.0,3951.0,-1.630977318284252,220.9883624171555,0.007380376506910745,135.49444246694358,360.4270067071607
wd_last0036,817001.0,108806.0,8590.0,-0.9626830068975702,594.968668044899,0.0016180398373934572,618.0317547749171,572.7662263633057
wd_last0031,809341.0,101146.0,930.0,-0.1067663872751732,79.99578729916888,0.0013346501219606403,749.2600371781111,8.540861207165445
wd_last0002,813879.0,105684.0,5468.0,-0.3520789646152435,446.97646153916264,0.0007876901691933848,1269.5346966485895,157.3710097860936
wd_last0010,812264.0,104069.0,3853.0,-0.2675612216359117,331.98251729406417,0.000805949734391919,1240.7721689423845,88.82564788896498
wd_last0042,811736.0,103541.0,3325.0,-1.4886965775114107,195.98967888571642,0.007595790686403874,131.65186368154608,291.76916418472643
wd_last0021,810983.0,102788.0,2572.0,-0.744370118030188,181.9904161078233,0.004090161086225405,244.4891482068369,135.46822751854347
wd_last0009,816096.0,107901.0,7685.0,-1.0054517986581724,515.9728280847855,0.0019486526110110488,513.1751007590598,518.7858080565916
wd_last0012,809698.0,101503.0,1287.0,-1.1811333068670828,75.9959979357663,0.01554204614650111,64.34159251451742,89.76140435053564
wd_last0032,816638.0,108443.0,8227.0,-1.1092443769426714,550.9709850283216,0.00201325370497623,496.70838679112563,611.1614670012306
wd_last0049,814802.0,106607.0,6391.0,-1.0891288006609288,423.97767269062166,0.002568835273209471,389.28148115570383,461.7662941645486
wd_last0035,810972.0,102777.0,2561.0,-1.0907091828607134,157.99167991783327,0.006903586210539432,144.8522506278461,172.3229761019713
wd_last0024,817184.0,108989.0,8773.0,-1.5102558282030902,526.9722488383316,0.002865911500145082,348.92912776593994,795.8629101093794
wd_last0014,816237.0,108042.0,7826.0,-1.4569936314071923,470.9751977291527,0.0030935676409972585,323.25137706626475,686.2078636421186
w0031_1.5,833436.0,125241.0,25025.0,-1.5,300.15252983317373,0.004997459127976391,200.10168655544916,450.2287947497606
w0015_1.5,832575.0,124380.0,24164.0,-1.5,286.6531828690284,0.005232804272350775,191.1021219126856,429.9797743035426
w0027_1.5,845333.0,137138.0,36922.0,-1.5,453.4792782039856,0.0033077586388087724,302.31951880265706,680.2189173059784
w0001_1.5,843555.0,135360.0,35144.0,-1.5,427.14704050302754,0.0035116712929429,284.764693668685,640.7205607545413
w0010_1.5,820497.0,112302.0,12086.0,-1.5,146.99344569140928,0.010204536623687463,97.99563046093952,220.4901685371139
w0013_1.5,830886.0,122691.0,22475.0,-1.5,254.65601710816608,0.0058902986743991585,169.7706780721107,381.9840256622491
w0016_1.5,829318.0,121123.0,20907.0,-1.5,209.48991410952854,0.007160249248160694,139.6599427396857,314.2348711642928
w0021_1.5,830409.0,122214.0,21998.0,-1.5,246.3210760142808,0.006089612891724439,164.2140506761872,369.4816140214212
w0006_1.5,837447.0,129252.0,29036.0,-1.5,336.1510161871434,0.0044622801293717155,224.1006774580956,504.2265242807151
w0029_1.5,831707.0,123512.0,23296.0,-1.5,241.82257597837148,0.006202894803891922,161.21505065224764,362.7338639675572
w0003_1.5,842131.0,133936.0,33720.0,-1.5,412.48088120947597,0.003636532184477743,274.98725413965064,618.721321814214
w0014_1.5,829470.0,121275.0,21059.0,-1.5,224.15609732355787,0.006691765327421929,149.43739821570526,336.2341459853368
w0011_1.5,833992.0,125797.0,25581.0,-1.5,284.15335852187746,0.0052788395949383525,189.4355723479183,426.2300377828162
w0002_1.5,836184.0,127989.0,27773.0,-1.5,308.31781316284236,0.004865109753511887,205.54520877522825,462.4767197442635
w0019_1.5,843616.0,135421.0,35205.0,-1.5,389.64864004119545,0.0038496220590976864,259.7657600274636,584.4729600617932
w0012_1.5,839940.0,131745.0,31529.0,-1.5,357.9835173044184,0.004190137052384022,238.6556782029456,536.9752759566276
w0020_1.5,839525.0,131330.0,31114.0,-1.5,344.1505056427243,0.004358558175582654,229.43367042848286,516.2257584640864
w0023_1.5,828526.0,120331.0,20115.0,-1.5,239.1553025757779,0.0062720750234033186,159.43686838385193,358.73295386366686
w0008_1.5,833209.0,125014.0,24798.0,-1.5,252.48821671984558,0.005940871298815348,168.32547781323038,378.7323250797684
w0005_1.5,847031.0,138836.0,38620.0,-1.5,474.64484636428205,0.0031602576357666274,316.429897576188,711.967269546423
w0017_1.5,839762.0,131567.0,31351.0,-1.5,341.8166356449058,0.004388317722365819,227.87775709660386,512.7249534673587
w0007_1.5,835636.0,127441.0,27225.0,-1.5,314.151793538862,0.0047747618535064745,209.434529025908,471.22769030829306
w0009_1.5,838708.0,130513.0,30297.0,-1.5,398.1485191984215,0.0037674383494377866,265.432346132281,597.2227787976323
w0025_1.5,842298.0,134103.0,33887.0,-1.5,383.48142336176005,0.003911532367983739,255.65428224117338,575.22213504264
w0018_1.5,842224.0,134029.0,33813.0,-1.5,370.48221791354155,0.004048777316351661,246.98814527569436,555.7233268703123
w0004_1.5,837057.0,128862.0,28646.0,-1.5,328.81823266070256,0.004561790834597071,219.21215510713503,493.2273489910539
w0004_1.0,834932.0,126737.0,26521.0,-1.0,410.81497701860013,0.0024341858401981382,410.81497701860013,410.81497701860013
w0011_1.0,834457.0,126262.0,26046.0,-1.0,306.6525466676985,0.003261019713896724,306.6525466676985,306.6525466676985
w0006_1.0,825062.0,116867.0,16651.0,-1.0,205.15791722593596,0.004874293975692499,205.15791722593596,205.15791722593596
w0022_1.0,822323.0,114128.0,13912.0,-1.0,175.3253764452531,0.0057036808947748575,175.3253764452531,175.3253764452531
w0007_1.0,834789.0,126594.0,26378.0,-1.0,334.9846696015546,0.0029852112372468977,334.9846696015546,334.9846696015546
w0012_1.0,828586.0,120391.0,20175.0,-1.0,230.9902298866635,0.004329187431393332,230.9902298866635,230.9902298866635
w0017_1.0,833938.0,125743.0,25527.0,-1.0,347.98360880293586,0.0028736985728724453,347.98360880293586,347.98360880293586
w0019_1.0,836518.0,128323.0,28107.0,-1.0,344.6495009350961,0.0029014984710171348,344.6495009350961,344.6495009350961
w0005_1.0,831143.0,122948.0,22732.0,-1.0,319.652388081025,0.0031283983392187942,319.652388081025,319.652388081025
w0030_1.0,833542.0,125347.0,25131.0,-1.0,298.9857976754911,0.0033446404738106178,298.9857976754911,298.9857976754911
w0002_1.0,834921.0,126726.0,26510.0,-1.0,346.4841086854041,0.002886135251033883,346.4841086854041,346.4841086854041
w0018_1.0,839690.0,131495.0,31279.0,-1.0,374.9826136348266,0.0026667903087737315,374.9826136348266,374.9826136348266
w0020_1.0,829500.0,121305.0,21089.0,-1.0,276.1545811556453,0.003621160278476001,276.1545811556453,276.1545811556453
w0014_1.0,820263.0,112068.0,11852.0,-1.0,157.32602126874062,0.006356227608984171,157.32602126874062,157.32602126874062
w0013_1.0,824598.0,116403.0,16187.0,-1.0,176.6588643605601,0.0056606273544191005,176.6588643605601,176.6588643605601
w0050_1.0,838398.0,130203.0,29987.0,-1.0,378.3164238463292,0.0026432899471639025,378.3164238463292,378.3164238463292
w0001_1.0,830323.0,122128.0,21912.0,-1.0,277.65328724231045,0.0036016141207335724,277.65328724231045,277.65328724231045
w0010_1.0,825964.0,117769.0,17553.0,-1.0,237.98929627404524,0.004201869645635229,237.98929627404524,237.98929627404524
w0016_1.0,833315.0,125120.0,24904.0,-1.0,299.1523030602715,0.0033427788780838025,299.1523030602715,299.1523030602715
w0009_1.0,827780.0,119585.0,19369.0,-1.0,234.3223324373329,0.004267625665886711,234.3223324373329,234.3223324373329
w0003_1.0,835553.0,127358.0,27142.0,-1.0,344.3167750018387,0.002904302295450635,344.3167750018387,344.3167750018387
w0015_1.0,831359.0,123164.0,22948.0,-1.0,283.15473466325386,0.003531637926483078,283.15473466325386,283.15473466325386
w0024_1.0,830751.0,122556.0,22340.0,-1.0,298.4859326334983,0.003350241638448902,298.4859326334983,298.4859326334983
w0028_1.0,839121.0,130926.0,30710.0,-1.0,372.1488418850329,0.002687096901698616,372.1488418850329,372.1488418850329
w0026_1.0,836334.0,128139.0,27923.0,-1.0,395.14830950553505,0.0025306953767595263,395.14830950553505,395.14830950553505
wd0028,819020.0,110825.0,10609.0,-1.2181082056506545,559.9717250907779,0.002175303057405595,459.7060609994562,682.106153265429
wd0041,817207.0,109012.0,8796.0,-0.4959755338480185,582.9705638000258,0.0008507728599795154,1175.401857581679,289.1391365983982
wd0006,813364.0,105169.0,4953.0,-0.3683308324175336,377.9809144351982,0.0009744693934293367,1026.1994955847883,139.2220248518571
wd0014,809754.0,101559.0,1343.0,-0.5467744270750329,75.99616268976307,0.007194763626515121,138.98997269551205,41.55275831459619
wd0013,810677.0,102482.0,2266.0,-0.2281516815837713,162.9917699807458,0.0013997742438819018,714.4009145551685,37.18684640542241
wd0043,809835.0,101640.0,1424.0,-1.2253440545216274,57.99707152652409,0.021127688386149545,47.331254689252205,71.06636677469186
wd0033,817886.0,109691.0,9475.0,-0.5623911924720125,599.969705454063,0.000937365982581386,1066.8191705081167,337.41767809739264
wd0021,809226.0,101031.0,815.0,-1.3684394823770964,28.998535764458648,0.04718995102001981,21.190952276592977,39.68274127120951
wd0019,819152.0,110957.0,10741.0,-1.820762623232616,501.97465356425386,0.003627200318391284,275.6947265717915,913.9766870199345
wd0039,819447.0,111252.0,11036.0,-1.208868659097532,582.9705638000258,0.0020736358474391266,482.24474959524247,704.7348437542695
wd0018,811486.0,103291.0,3075.0,-1.1148540120925106,147.9925273451122,0.00753317773601311,132.74610463780775,164.9900628704089
wd0042,812070.0,103875.0,3659.0,-1.4638137564356364,158.99197194633186,0.009206840688344632,108.61489123689807,232.73463569786935
wd0040,814067.0,105872.0,5656.0,-0.3381674526014433,428.978339399703,0.000788308922717783,1268.5382230006842,145.06651225599492
wd0020,810539.0,102344.0,2128.0,-0.6708930483278079,119.99394108985533,0.005591057700366902,178.85703449892443,80.50310091864044
wd0038,815665.0,107470.0,7254.0,-0.3638823983375137,519.9737447274929,0.0006998091769579956,1428.9609695415909,189.20929330397823
wd0009,810979.0,102784.0,2568.0,-1.160376238861174,119.99394108985533,0.009670290252340716,103.40951242471215,139.2381180479756
wd0010,812272.0,104077.0,3861.0,-0.874941392265652,219.9888920004613,0.003977207141276103,251.43271760272108,192.47738744986177
wd0047,809506.0,101311.0,1095.0,-1.2860266212111024,34.99823281727617,0.03674547306217934,27.214236657338354,45.00865909836119
wd0023,813940.0,105745.0,5529.0,-1.067714292301596,311.98424683505976,0.0034223339900430185,292.19824918006617,333.1100393187423
wd0011,818495.0,110300.0,10084.0,-1.563555866973702,486.975410926227,0.0032107491094875186,311.45379657509716,761.4132608256317
wd0034,813848.0,105653.0,5437.0,-1.3306147678672675,283.98566058219615,0.004685499842278612,213.42440159248594,377.8755138332115
wd0026,818095.0,109900.0,9684.0,-0.8458568728953835,541.9726339275389,0.0015607003378854613,640.7379916088602,458.4312773288225
wd0015,814560.0,106365.0,6149.0,-0.6428570547280693,405.97950069045504,0.00158347171134196,631.5237543160908,260.98678609383813
wd0025,814315.0,106120.0,5904.0,-0.4206890002754347,429.97828890890474,0.0009783959123679427,1022.0811303062075,180.88713650122918
wd0050,812358.0,104163.0,3947.0,-1.2916267487538051,198.98995230961697,0.006490914409306998,154.06149841787314,257.0207451363453
wd0030,812478.0,104283.0,4067.0,-0.747411416151145,240.98783169130564,0.003101448778162977,322.42995823142735,180.11705655959253
wd0037,811350.0,103155.0,2939.0,-0.7575063519128621,158.99197194633186,0.0047644314529827975,209.8886320158819,120.43742865249796
wd0007,810055.0,101860.0,1644.0,-1.5096653594065317,59.99697054492766,0.02516235979408403,39.741900528547085,90.57534810101131
wd0036,813934.0,105739.0,5523.0,-1.9276365516586695,240.98783169130564,0.007998895787102991,125.01725570826271,464.53695287312826
wd0022,811564.0,103369.0,3153.0,-0.6037377314502688,191.99030574520447,0.003144626126339449,318.0028276251923,115.91179165105325
wd0002,812192.0,103997.0,3781.0,-0.0767000635833665,333.98313603510593,0.00022965250429681677,4354.4049435121315,25.61652776966477
wd0017,811843.0,103648.0,3432.0,-1.8495024413581036,120.99389059905712,0.015285915943366783,65.41969769459206,223.77849605237145
wd0005,814429.0,106234.0,6018.0,-1.805823810142828,284.9856100913979,0.0063365438330857515,157.81473723555433,514.6338002511266
wd0012,820755.0,112560.0,12344.0,-1.8326974909710445,613.9689985804949,0.0029850000492016165,335.00836968745284,1125.219443232478
wd0024,813268.0,105073.0,4857.0,-0.4942891358316079,343.9826311271238,0.0014369595761622514,695.9138006308724,170.02687748090875
wd0044,810035.0,101840.0,1624.0,-0.3562676073005719,114.9941935462396,0.003098135621580887,322.7747659057383,40.96870618817765
wd0029,817431.0,109236.0,9020.0,-0.7894935724154979,522.9735932550982,0.0015096241619037072,662.416530707188,412.884290417937
wd0004,816042.0,107847.0,7631.0,-0.6256147078173125,500.9747040550521,0.0012487950045249466,800.7719412526073,313.41714310126605
wd0031,809885.0,101690.0,1474.0,-0.7258911089748631,85.99565778178095,0.008441020485206993,118.46908815735185,62.42348339423979
wd0001,814121.0,105926.0,5710.0,-0.6672289168498641,360.981772781161,0.001848372874090682,541.0163793341513,240.8574772553178
wd0048,813766.0,105571.0,5355.0,-1.258909896144226,293.9851556718208,0.004282222662798534,233.5235878057953,370.10082179475603
wd0046,815814.0,107619.0,7403.0,-0.7194299778186025,451.97717810895085,0.0015917396113420159,628.2434594668956,325.16593122143706
wd0049,809166.0,100971.0,755.0,-0.3816939226446603,45.99767741849584,0.008298112949746018,120.50932616319801,17.55703392640939
wd0003,810489.0,102294.0,2078.0,-1.6711181346194626,73.9962636737527,0.02258381777203471,44.27949295793065,123.6564981192915
wd0027,816988.0,108793.0,8577.0,-0.876040580329635,486.975410926227,0.0017989421245384982,555.8822523301246,426.6102215940744
wd0045,815952.0,107757.0,7541.0,-0.763153488090995,458.9768246733634,0.0016627277175358533,601.4213809354129,350.26976470240635
wd0016,813144.0,104949.0,4733.0,-0.4480750182067597,353.98212621914166,0.001265812551025154,790.006386956838,158.6105476505094
wd0032,814011.0,105816.0,5600.0,-0.8406850576829783,344.98258063632557,0.002436891323997641,410.3588822990812,290.0217007018721
wd0035,812142.0,103947.0,3731.0,-1.5624718532208548,171.9913155635619,0.009084597371100523,110.07642487064437,268.7315895664914
wd0008,819748.0,111553.0,11337.0,-1.6983171904968026,551.9721290171636,0.0030768169282764514,325.0112123376065,937.423755384968
